{"data": [["Tot_Fem_Pop_of_Vil", 2902.0], ["Tot_Mal_Pop_of_Vil", 2767.0], 1.0487893024936754], "perc": 9.029194524139216, "value_global_local": {"": {"global_perc": 0.0, "local_perc": 0.0}, "CHANDIGARH": {"global_perc": 0.0, "local_perc": 0.0}, "Punjab": {"global_perc": 0.03982195373976631, "local_perc": 0.0089133219470538}, "MADHYA PRADESH": {"global_perc": 0.07631919272872989, "local_perc": 0.07454454881867349}, "CHHATTISGARH": {"global_perc": 0.19909569710821823, "local_perc": 0.07128878451465984}, "Dadra & Nagar Haveli": {"global_perc": 0.18461538461538463, "local_perc": 0.0002134927412467976}, "BIHAR": {"global_perc": 0.036939313984168866, "local_perc": 0.029390834044975805}, "Tamil Nadu": {"global_perc": 0.15958445459665813, "local_perc": 0.04536720751494449}, "NAGALAND": {"global_perc": 0.11632796075683252, "local_perc": 0.0029533162539140336}, "JAMMU & KASHMIR": {"global_perc": 0.059209522356172745, "local_perc": 0.006902931966979789}, "Meghalaya": {"global_perc": 0.13174440707705806, "local_perc": 0.016029746655280386}, "MIZORAM": {"global_perc": 0.06335403726708075, "local_perc": 0.0009073441502988898}, "DAMAN & DIU": {"global_perc": 0.05263157894736842, "local_perc": 1.779106177056647e-05}, "LAKSHADWEEP": {"global_perc": 0.0, "local_perc": 0.0}, "West Bengal": {"global_perc": 0.06546819831916058, "local_perc": 0.04684386564190151}, "UTTAR PRADESH": {"global_perc": 0.058562946035551726, "local_perc": 0.11124750925135211}, "PUDUCHERRY": {"global_perc": 0.3, "local_perc": 0.00048035866780529464}, "HARYANA": {"global_perc": 0.005116211080251425, "local_perc": 0.0006226871619698264}, "RAJASTHAN": {"global_perc": 0.062253760744985676, "local_perc": 0.04947694278394535}, "GOA": {"global_perc": 0.16766467065868262, "local_perc": 0.0009962994591517223}, "ANDAMAN & NICOBAR ISLANDS": {"global_perc": 0.03423423423423423, "local_perc": 0.00033803017364076286}, "ODISHA": {"global_perc": 0.13509247169333308, "local_perc": 0.12332764019356675}, "SIKKIM": {"global_perc": 0.05321507760532151, "local_perc": 0.0004269854824935952}, "Arunachal Pradesh": {"global_perc": 0.09686660698299016, "local_perc": 0.009624964417876459}, "Maharashtra": {"global_perc": 0.07816507878343716, "local_perc": 0.06072089382294335}, "TRIPURA": {"global_perc": 0.05028571428571429, "local_perc": 0.0007828067179049246}, "UTTARAKHAND": {"global_perc": 0.09438456499732031, "local_perc": 0.02819883290634785}, "ANDHRA PRADESH": {"global_perc": 0.15621399769585254, "local_perc": 0.0771954170224879}, "KARNATAKA": {"global_perc": 0.1307089297886844, "local_perc": 0.0682287218901224}, "HIMACHAL PRADESH": {"global_perc": 0.11512808119864669, "local_perc": 0.04237830913748933}, "ASSAM": {"global_perc": 0.09922333775336238, "local_perc": 0.04659479077711358}, "JHARKHAND": {"global_perc": 0.10755410119470256, "local_perc": 0.061984059208653575}, "MANIPUR": {"global_perc": 0.1624031007751938, "local_perc": 0.00745445488186735}, "KERALA": {"global_perc": 0.3605108055009823, "local_perc": 0.006529319669797894}, "NCT OF DELHI": {"global_perc": 0.008928571428571428, "local_perc": 1.779106177056647e-05}}, "partition_field": "Stat_Nam"}